{
  "name": "Bibliothèque Exemple",
  "gestionnaires": [],
  "adherents": [
    {
      "cautionActuelle": 0,
      "currReservations": [],
      "currEmprunts": [],
      "nombreRappels": 0,
      "ID": "1",
      "lastName": "Martin",
      "firstName": "Alice",
      "adresse": {
        "rue": "Place Jean Moulin",
        "ville": "13130",
        "codePostal": "Berre l\u0027Etang"
      },
      "email": "alicemartin@exemple.fr",
      "dateInscription": "Jun 26, 2023, 1:59:31 PM"
    },
    {
      "cautionActuelle": 50,
      "currReservations": [],
      "currEmprunts": [],
      "nombreRappels": 0,
      "ID": "2",
      "lastName": "Delarue",
      "firstName": "Antoine",
      "adresse": {
        "rue": "Place de Provence",
        "ville": "13127",
        "codePostal": "Vitrolles"
      },
      "email": "antoinedelarue@exemple.fr",
      "dateInscription": "Jun 26, 2023, 1:59:31 PM"
    },
    {
      "cautionActuelle": 50,
      "currReservations": [],
      "currEmprunts": [],
      "nombreRappels": 0,
      "ID": "3",
      "lastName": "Grégoire",
      "firstName": "Nicolas",
      "adresse": {
        "rue": "75 Rue Bonnet",
        "ville": "13127",
        "codePostal": "Vitrolles"
      },
      "email": "nicolasgregoire@exemple.fr",
      "dateInscription": "Jun 26, 2023, 1:59:31 PM"
    },
    {
      "cautionActuelle": 50,
      "currReservations": [],
      "currEmprunts": [],
      "nombreRappels": 0,
      "ID": "4",
      "lastName": "Bédard",
      "firstName": "Saville",
      "adresse": {
        "rue": "66 avenue du Marechal Juin",
        "ville": "13300",
        "codePostal": "Salon de Provence"
      },
      "email": "savillebedard@exemple.fr",
      "dateInscription": "Jun 26, 2023, 1:59:31 PM"
    },
    {
      "cautionActuelle": 50,
      "currReservations": [],
      "currEmprunts": [],
      "nombreRappels": 0,
      "ID": "5",
      "lastName": "Lafond",
      "firstName": "Guillaume",
      "adresse": {
        "rue": "88 rue Cazade",
        "ville": "13130",
        "codePostal": "Berre l\u0027Etang"
      },
      "email": "guillaumelafond@exemple.fr",
      "dateInscription": "Jun 26, 2023, 1:59:31 PM"
    },
    {
      "cautionActuelle": 50,
      "currReservations": [],
      "currEmprunts": [],
      "nombreRappels": 0,
      "ID": "6",
      "lastName": "Desmarais",
      "firstName": "Catherine",
      "adresse": {
        "rue": "66 rue Marcel Pagnol",
        "ville": "13300",
        "codePostal": "Salon de Provence"
      },
      "email": "catherinedesmarais@exemple.fr",
      "dateInscription": "Jun 26, 2023, 1:59:31 PM"
    }
  ],
  "catalogue": [
    {
      "titre": "Canards Sauvages",
      "auteur": {
        "lastName": "Guillemain",
        "firstName": "Matthieu"
      },
      "ISBN": "9782344010044",
      "datePublication": "Sep 23, 2015, 12:00:00 AM",
      "exemplaires": []
    },
    {
      "titre": "Java Pour Les Nuls, 5è édition",
      "auteur": {
        "lastName": "Burd",
        "firstName": "Barry"
      },
      "ISBN": "9782412066867",
      "datePublication": "Mar 11, 2021, 12:00:00 AM",
      "exemplaires": [
        {
          "ID": "3",
          "nombreEmprunts": 0,
          "ISBN": "9782412066867",
          "etat": {
            "CodeEtat": "TB",
            "DateDepuisEtat": "May 15, 2023, 12:00:00 AM"
          }
        },
        {
          "ID": "4",
          "nombreEmprunts": 0,
          "ISBN": "9782412066867",
          "etat": {
            "CodeEtat": "TB",
            "DateDepuisEtat": "May 15, 2023, 12:00:00 AM"
          }
        }
      ]
    },
    {
      "titre": "Apprendre à Programmer avec Python 3",
      "auteur": {
        "lastName": "Swinnen",
        "firstName": "Gérard"
      },
      "ISBN": "9782212134346",
      "datePublication": "Feb 2, 2012, 12:00:00 AM",
      "exemplaires": [
        {
          "ID": "5",
          "nombreEmprunts": 0,
          "ISBN": "9782212134346",
          "etat": {
            "CodeEtat": "A",
            "DateDepuisEtat": "Oct 25, 2019, 12:00:00 AM"
          }
        }
      ]
    },
    {
      "titre": "Ne tirez pas sur l\u0027oiseau moqueur",
      "auteur": {
        "lastName": "Lee",
        "firstName": "Harper"
      },
      "ISBN": "9782253115847",
      "datePublication": "Aug 23, 2006, 12:00:00 AM",
      "exemplaires": [
        {
          "ID": "6",
          "nombreEmprunts": 0,
          "ISBN": "9782253115847",
          "etat": {
            "CodeEtat": "P",
            "DateDepuisEtat": "Feb 12, 2021, 12:00:00 AM"
          }
        }
      ]
    },
    {
      "titre": "La Fraternité de l\u0027Anneau",
      "auteur": {
        "lastName": "Tolkien",
        "firstName": "John Ronald Reuel"
      },
      "ISBN": "9782267046885",
      "datePublication": "Sep 1, 2022, 12:00:00 AM",
      "exemplaires": [
        {
          "ID": "7",
          "nombreEmprunts": 0,
          "ISBN": "9782267046885",
          "etat": {
            "CodeEtat": "N",
            "DateDepuisEtat": "Jun 23, 2023, 9:46:07 PM"
          }
        },
        {
          "ID": "8",
          "nombreEmprunts": 0,
          "ISBN": "9782267046885",
          "etat": {
            "CodeEtat": "N",
            "DateDepuisEtat": "Jun 23, 2023, 9:46:07 PM"
          }
        },
        {
          "ID": "9",
          "nombreEmprunts": 0,
          "ISBN": "9782267046885",
          "etat": {
            "CodeEtat": "N",
            "DateDepuisEtat": "Jun 23, 2023, 9:46:07 PM"
          }
        }
      ],
      "series": {
        "name": "Le Seigneur des Anneaux",
        "numeroInSeries": 1
      }
    },
    {
      "titre": "Les Deux Tours",
      "auteur": {
        "lastName": "Tolkien",
        "firstName": "John Ronald Reuel"
      },
      "ISBN": "9782267046892",
      "datePublication": "Sep 1, 2022, 12:00:00 AM",
      "exemplaires": [
        {
          "ID": "10",
          "nombreEmprunts": 0,
          "ISBN": "9782267046892",
          "etat": {
            "CodeEtat": "N",
            "DateDepuisEtat": "Jun 23, 2023, 9:47:45 PM"
          }
        },
        {
          "ID": "11",
          "nombreEmprunts": 0,
          "ISBN": "9782267046892",
          "etat": {
            "CodeEtat": "N",
            "DateDepuisEtat": "Jun 23, 2023, 9:47:45 PM"
          }
        },
        {
          "ID": "12",
          "nombreEmprunts": 0,
          "ISBN": "9782267046892",
          "etat": {
            "CodeEtat": "TB",
            "DateDepuisEtat": "Jun 23, 2023, 9:47:45 PM"
          }
        }
      ],
      "series": {
        "name": "Le Seigneur des Anneaux",
        "numeroInSeries": 2
      }
    },
    {
      "titre": "Le Retour du Roi",
      "auteur": {
        "lastName": "Tolkien",
        "firstName": "John Ronald Reuel"
      },
      "ISBN": "9782267046908",
      "datePublication": "Sep 1, 2022, 12:00:00 AM",
      "exemplaires": [
        {
          "ID": "13",
          "nombreEmprunts": 0,
          "ISBN": "9782267046908",
          "etat": {
            "CodeEtat": "N",
            "DateDepuisEtat": "Jun 23, 2023, 9:48:33 PM"
          }
        },
        {
          "ID": "14",
          "nombreEmprunts": 0,
          "ISBN": "9782267046908",
          "etat": {
            "CodeEtat": "B",
            "DateDepuisEtat": "Jun 23, 2023, 9:48:33 PM"
          }
        },
        {
          "ID": "15",
          "nombreEmprunts": 0,
          "ISBN": "9782267046908",
          "etat": {
            "CodeEtat": "B",
            "DateDepuisEtat": "Jun 23, 2023, 9:48:33 PM"
          }
        }
      ],
      "series": {
        "name": "Le Seigneur des Anneaux",
        "numeroInSeries": 3
      }
    }
  ],
  "autoIncrementValues": {
    "reservations": 2,
    "emprunts": 3,
    "utilisateurs": 6,
    "exemplaires": 17
  },
  "transactions": {
    "reservations": [
      {
        "ID": "1",
        "IDAdherent": "4",
        "IDExemplaire": "3",
        "dateDebut": "Jun 27, 2023, 2:27:33 PM",
        "dateTheoriqueFin": "Jul 7, 2023, 2:27:33 PM"
      }
    ],
    "emprunts": [
      {
        "rappels": [],
        "nombreRenouvellements": 0,
        "aEteFacture": false,
        "ID": "1",
        "IDAdherent": "2",
        "IDExemplaire": "3",
        "dateDebut": "Jun 27, 2023, 2:27:06 PM",
        "dateTheoriqueFin": "Jul 12, 2023, 2:27:06 PM"
      },
      {
        "rappels": [],
        "nombreRenouvellements": 0,
        "aEteFacture": false,
        "ID": "2",
        "IDAdherent": "3",
        "IDExemplaire": "4",
        "dateDebut": "Jun 6, 2023, 2:27:23 PM",
        "dateTheoriqueFin": "Jun 21, 2023, 2:27:23 PM"
      }
    ]
  }
}